{
  "kind": "collectionType",
  "collectionName": "ourteams",
  "info": {
    "singularName": "ourteam",
    "pluralName": "ourteams",
    "displayName": "ourteam"
  },
  "options": {
    "draftAndPublish": true
  },
  "pluginOptions": {},
  "attributes": {
    "Name": {
      "type": "string"
    },
    "Role": {
      "type": "string"
    },
    "Photo": {
      "type": "media",
      "multiple": false,
      "allowedTypes": [
        "images",
        "files",
        "videos",
        "audios"
      ]
    },
    "WhatsApp": {
      "type": "string"
    },
    "Phone": {
      "type": "string"
    },
    "Email": {
      "type": "email"
    }
  }
}
