{
  "kind": "collectionType",
  "collectionName": "services",
  "info": {
    "singularName": "service",
    "pluralName": "services",
    "displayName": "Service"
  },
  "options": {
    "draftAndPublish": true
  },
  "pluginOptions": {},
  "attributes": {
    "title": {
      "type": "string"
    },
    "slug": {
      "type": "uid"
    },
    "description": {
      "type": "text"
    },
    "servicecatego": {
      "type": "relation",
      "relation": "manyToOne",
      "target": "api::servicecatego.servicecatego"
    },
    "Service": {
      "type": "relation",
      "relation": "manyToOne",
      "target": "api::servicecatego.servicecatego",
      "inversedBy": "services"
    }
  }
}
